finding_id,detected_type,regex_confidence,value_length,entropy,entropy_level,has_live_prefix,has_test_prefix,looks_like_placeholder,file_role,environment_hint,is_prod_path,is_test_path,is_docs_path,is_config_file,variable_intent,has_secret_variable_name,has_example_language,has_placeholder_language,has_test_language,storage_exposure,asset_criticality,customer_vertical,structurally_valid,luhn_valid,is_known_test_value,is_public_by_design,label,is_true_secret
evenup_finding_0001,phi,medium,5,1.92,low,0,0,0,documentation,docs,0,0,1,0,unknown,0,0,0,1,internal,low,fintech-legal-hybrid,1,1,0,0,false_positive,0
evenup_finding_0002,cloud_key,medium,20,3.68,medium,1,0,0,documentation,docs,0,0,1,0,secret,1,0,0,1,internal,low,fintech-legal-hybrid,1,1,1,0,test_value,0
evenup_finding_0003,payment_secret,medium,32,4.18,high,0,0,0,documentation,docs,0,0,1,0,secret,1,0,0,1,internal,low,fintech-legal-hybrid,1,1,1,0,test_value,0
evenup_finding_0004,credit_card,medium,16,1.00,low,0,0,0,documentation,docs,0,0,1,0,unknown,0,0,0,1,internal,low,fintech-legal-hybrid,1,1,1,0,test_value,0
evenup_finding_0005,email,medium,18,3.53,medium,0,0,1,documentation,docs,0,0,1,0,example,0,1,0,1,internal,low,fintech-legal-hybrid,1,1,1,0,documentation_example,0
evenup_finding_0006,pii,medium,11,2.66,low,0,0,1,documentation,docs,0,0,1,0,example,0,1,0,1,internal,low,fintech-legal-hybrid,1,1,1,0,documentation_example,0
evenup_finding_0007,cloud_key,medium,20,3.68,medium,1,0,0,documentation,docs,0,0,1,0,secret,1,0,0,1,internal,low,fintech-legal-hybrid,1,1,1,0,test_value,0
evenup_finding_0008,payment_secret,medium,32,4.50,high,0,0,0,documentation,docs,0,0,1,0,secret,1,0,0,1,internal,low,fintech-legal-hybrid,1,1,1,0,test_value,0
evenup_finding_0009,credit_card,medium,16,1.00,low,0,0,0,documentation,docs,0,0,1,0,unknown,0,0,0,1,internal,low,fintech-legal-hybrid,1,1,1,0,test_value,0
evenup_finding_0010,email,medium,17,3.41,medium,0,0,1,documentation,docs,0,0,1,0,example,0,1,0,1,internal,low,fintech-legal-hybrid,1,1,1,0,documentation_example,0
evenup_finding_0011,pii,medium,11,2.41,low,0,0,1,documentation,docs,0,0,1,0,example,0,1,0,1,internal,low,fintech-legal-hybrid,1,1,1,0,documentation_example,0
evenup_finding_0012,email,medium,31,4.50,high,0,0,1,sample,docs,0,0,1,0,example,0,1,0,1,internal,low,fintech-legal-hybrid,1,1,0,0,documentation_example,0
evenup_finding_0013,email,medium,31,4.50,high,0,0,1,sample,docs,0,0,1,0,example,0,1,0,1,internal,low,fintech-legal-hybrid,1,1,0,0,documentation_example,0
evenup_finding_0014,email,medium,22,3.66,medium,0,0,1,sample,docs,0,0,1,0,example,0,1,1,1,internal,low,fintech-legal-hybrid,1,1,0,0,placeholder,0
evenup_finding_0015,email,medium,22,3.66,medium,0,0,1,sample,docs,0,0,1,0,example,0,1,1,1,internal,low,fintech-legal-hybrid,1,1,0,0,placeholder,0
evenup_finding_0016,email,medium,22,3.66,medium,0,0,1,sample,docs,0,0,1,0,example,0,1,1,1,internal,low,fintech-legal-hybrid,1,1,0,0,placeholder,0
evenup_finding_0017,cloud_key,high,40,4.72,high,0,0,0,production_config,unknown,0,0,0,0,secret,1,0,0,0,internal,medium,fintech-legal-hybrid,1,1,0,0,true_secret,1
evenup_finding_0018,cloud_key,high,40,4.73,high,0,0,0,production_config,unknown,0,0,0,0,secret,1,0,0,0,internal,medium,fintech-legal-hybrid,1,1,0,0,true_secret,1
evenup_finding_0019,financial,medium,22,0.53,low,0,0,1,test,test,0,1,0,1,example,1,0,1,1,internal,medium,fintech-legal-hybrid,1,1,0,0,placeholder,0
evenup_finding_0020,credit_card,medium,4,0.00,low,0,0,1,test,test,0,1,0,1,example,0,0,1,1,internal,medium,fintech-legal-hybrid,1,1,0,0,placeholder,0
evenup_finding_0021,financial,medium,22,0.53,low,0,0,1,test,test,0,1,0,1,example,1,0,1,1,internal,medium,fintech-legal-hybrid,1,1,0,0,placeholder,0
evenup_finding_0022,credit_card,medium,4,0.00,low,0,0,1,test,test,0,1,0,1,example,0,0,1,1,internal,medium,fintech-legal-hybrid,1,1,0,0,placeholder,0
evenup_finding_0023,financial,medium,22,0.53,low,0,0,1,test,test,0,1,0,1,example,1,0,1,1,internal,medium,fintech-legal-hybrid,1,1,0,0,placeholder,0
evenup_finding_0024,credit_card,medium,4,0.00,low,0,0,1,test,test,0,1,0,1,example,0,0,1,1,internal,medium,fintech-legal-hybrid,1,1,0,0,placeholder,0
evenup_finding_0025,email,medium,28,4.18,high,0,0,1,test,test,0,1,0,0,example,0,1,0,1,internal,medium,fintech-legal-hybrid,1,1,0,0,documentation_example,0
evenup_finding_0026,email,medium,28,4.18,high,0,0,1,test,test,0,1,0,0,example,0,1,0,1,internal,medium,fintech-legal-hybrid,1,1,0,0,documentation_example,0
evenup_finding_0027,email,medium,28,4.18,high,0,0,1,test,test,0,1,0,0,example,0,1,0,1,internal,medium,fintech-legal-hybrid,1,1,0,0,documentation_example,0
evenup_finding_0028,phi,medium,5,1.92,low,0,0,0,source_code,unknown,0,0,0,0,unknown,0,0,0,1,internal,medium,fintech-legal-hybrid,1,1,0,0,false_positive,0
evenup_finding_0029,phi,medium,5,1.92,low,0,0,0,source_code,unknown,0,0,0,0,unknown,0,0,0,1,internal,medium,fintech-legal-hybrid,1,1,0,0,false_positive,0
evenup_finding_0030,pii,medium,11,0.68,low,0,0,1,test,test,0,1,0,1,example,1,0,1,1,internal,medium,fintech-legal-hybrid,1,1,0,0,placeholder,0
evenup_finding_0031,phi,medium,11,1.28,low,0,0,1,test,test,0,1,0,1,example,0,0,1,1,internal,medium,fintech-legal-hybrid,1,1,0,0,placeholder,0
evenup_finding_0032,pii,medium,11,0.68,low,0,0,1,test,test,0,1,0,1,example,1,0,1,1,internal,medium,fintech-legal-hybrid,1,1,0,0,placeholder,0
evenup_finding_0033,phi,medium,11,1.28,low,0,0,1,test,test,0,1,0,1,example,0,0,1,1,internal,medium,fintech-legal-hybrid,1,1,0,0,placeholder,0
evenup_finding_0034,pii,medium,11,0.68,low,0,0,1,test,test,0,1,0,1,example,1,0,1,1,internal,medium,fintech-legal-hybrid,1,1,0,0,placeholder,0
evenup_finding_0035,phi,medium,11,1.28,low,0,0,1,test,test,0,1,0,1,example,0,0,1,1,internal,medium,fintech-legal-hybrid,1,1,0,0,placeholder,0
evenup_finding_0036,pii,medium,11,0.68,low,0,0,1,test,test,0,1,0,1,example,1,0,1,1,internal,medium,fintech-legal-hybrid,1,1,0,0,placeholder,0
evenup_finding_0037,phi,medium,11,1.28,low,0,0,1,test,test,0,1,0,1,example,0,0,1,1,internal,medium,fintech-legal-hybrid,1,1,0,0,placeholder,0
evenup_finding_0038,database_password,medium,18,3.42,medium,0,0,1,iac,unknown,0,0,0,1,example,1,0,1,1,internal,medium,fintech-legal-hybrid,1,1,0,0,placeholder,0
evenup_finding_0039,api_key,medium,8,2.75,low,0,0,1,iac,unknown,0,0,0,1,example,1,0,1,1,internal,medium,fintech-legal-hybrid,1,1,0,0,placeholder,0
evenup_finding_0040,api_key,medium,17,3.45,medium,0,0,1,iac,unknown,0,0,0,1,example,1,0,1,1,internal,medium,fintech-legal-hybrid,1,1,0,0,placeholder,0
evenup_finding_0041,database_password,medium,18,3.42,medium,0,0,1,iac,unknown,0,0,0,1,example,1,0,1,1,internal,medium,fintech-legal-hybrid,1,1,0,0,placeholder,0
evenup_finding_0042,api_key,medium,8,2.75,low,0,0,1,iac,unknown,0,0,0,1,example,1,0,1,1,internal,medium,fintech-legal-hybrid,1,1,0,0,placeholder,0
evenup_finding_0043,api_key,medium,17,3.45,medium,0,0,1,iac,unknown,0,0,0,1,example,1,0,1,1,internal,medium,fintech-legal-hybrid,1,1,0,0,placeholder,0
evenup_finding_0044,database_password,medium,18,3.42,medium,0,0,1,iac,unknown,0,0,0,1,example,1,0,1,1,internal,medium,fintech-legal-hybrid,1,1,0,0,placeholder,0
evenup_finding_0045,api_key,medium,8,2.75,low,0,0,1,iac,unknown,0,0,0,1,example,1,0,1,1,internal,medium,fintech-legal-hybrid,1,1,0,0,placeholder,0
evenup_finding_0046,api_key,medium,17,3.45,medium,0,0,1,iac,unknown,0,0,0,1,example,1,0,1,1,internal,medium,fintech-legal-hybrid,1,1,0,0,placeholder,0
evenup_finding_0047,pii,high,11,2.66,low,0,0,0,log,prod,1,0,0,0,secret,1,0,0,0,internet,critical,fintech-legal-hybrid,1,1,0,0,true_secret,1
evenup_finding_0048,phi,high,11,3.10,medium,0,0,0,log,prod,1,0,0,0,unknown,0,0,0,0,internet,critical,fintech-legal-hybrid,1,1,0,0,true_secret,1
evenup_finding_0049,phi,high,10,2.12,low,0,0,0,log,prod,1,0,0,0,unknown,0,0,0,0,internet,critical,fintech-legal-hybrid,1,1,0,0,true_secret,1
evenup_finding_0050,phi,high,12,3.02,medium,0,0,0,log,prod,1,0,0,0,unknown,0,0,0,0,internet,critical,fintech-legal-hybrid,1,1,0,0,true_secret,1
evenup_finding_0051,database_password,high,123,5.04,high,0,0,0,log,prod,1,0,0,0,public,0,0,0,0,internet,critical,fintech-legal-hybrid,1,1,0,0,true_secret,1
evenup_finding_0052,pii,high,11,2.12,low,0,0,0,log,prod,1,0,0,0,secret,1,0,0,0,internet,critical,fintech-legal-hybrid,1,1,0,0,true_secret,1
evenup_finding_0053,phi,high,11,3.10,medium,0,0,0,log,prod,1,0,0,0,unknown,0,0,0,0,internet,critical,fintech-legal-hybrid,1,1,0,0,true_secret,1
evenup_finding_0054,phi,high,10,2.52,low,0,0,0,log,prod,1,0,0,0,unknown,0,0,0,0,internet,critical,fintech-legal-hybrid,1,1,0,0,true_secret,1
evenup_finding_0055,phi,high,12,2.86,low,0,0,0,log,prod,1,0,0,0,unknown,0,0,0,0,internet,critical,fintech-legal-hybrid,1,1,0,0,true_secret,1
evenup_finding_0056,database_password,high,123,4.99,high,0,0,0,log,prod,1,0,0,0,public,0,0,0,0,internet,critical,fintech-legal-hybrid,1,1,0,0,true_secret,1
evenup_finding_0057,pii,high,11,2.73,low,0,0,0,log,prod,1,0,0,0,secret,1,0,0,0,internet,critical,fintech-legal-hybrid,1,1,0,0,true_secret,1
evenup_finding_0058,phi,high,11,3.03,medium,0,0,0,log,prod,1,0,0,0,unknown,0,0,0,0,internet,critical,fintech-legal-hybrid,1,1,0,0,true_secret,1
evenup_finding_0059,phi,high,10,2.72,low,0,0,0,log,prod,1,0,0,0,unknown,0,0,0,0,internet,critical,fintech-legal-hybrid,1,1,0,0,true_secret,1
evenup_finding_0060,phi,high,12,2.86,low,0,0,0,log,prod,1,0,0,0,unknown,0,0,0,0,internet,critical,fintech-legal-hybrid,1,1,0,0,true_secret,1
evenup_finding_0061,database_password,high,123,5.08,high,0,0,0,log,prod,1,0,0,0,public,0,0,0,0,internet,critical,fintech-legal-hybrid,1,1,0,0,true_secret,1
evenup_finding_0062,pii,high,11,2.73,low,0,0,0,log,prod,1,0,0,0,secret,1,0,0,0,internet,critical,fintech-legal-hybrid,1,1,0,0,true_secret,1
evenup_finding_0063,phi,high,11,3.28,medium,0,0,0,log,prod,1,0,0,0,unknown,0,0,0,0,internet,critical,fintech-legal-hybrid,1,1,0,0,true_secret,1
evenup_finding_0064,phi,high,10,2.45,low,0,0,0,log,prod,1,0,0,0,unknown,0,0,0,0,internet,critical,fintech-legal-hybrid,1,1,0,0,true_secret,1
evenup_finding_0065,phi,high,12,3.25,medium,0,0,0,log,prod,1,0,0,0,unknown,0,0,0,0,internet,critical,fintech-legal-hybrid,1,1,0,0,true_secret,1
evenup_finding_0066,database_password,high,123,5.01,high,0,0,0,log,prod,1,0,0,0,public,0,0,0,0,internet,critical,fintech-legal-hybrid,1,1,0,0,true_secret,1
evenup_finding_0067,pii,high,11,2.55,low,0,0,0,log,prod,1,0,0,0,secret,1,0,0,0,internet,critical,fintech-legal-hybrid,1,1,0,0,true_secret,1
evenup_finding_0068,phi,high,11,2.73,low,0,0,0,log,prod,1,0,0,0,unknown,0,0,0,0,internet,critical,fintech-legal-hybrid,1,1,0,0,true_secret,1
evenup_finding_0069,phi,high,10,2.65,low,0,0,0,log,prod,1,0,0,0,unknown,0,0,0,0,internet,critical,fintech-legal-hybrid,1,1,0,0,true_secret,1
evenup_finding_0070,phi,high,12,2.69,low,0,0,0,log,prod,1,0,0,0,unknown,0,0,0,0,internet,critical,fintech-legal-hybrid,1,1,0,0,true_secret,1
evenup_finding_0071,database_password,high,123,4.92,high,0,0,0,log,prod,1,0,0,0,public,0,0,0,0,internet,critical,fintech-legal-hybrid,1,1,0,0,true_secret,1
evenup_finding_0072,pii,high,11,2.91,low,0,0,0,log,prod,1,0,0,0,secret,1,0,0,0,internet,critical,fintech-legal-hybrid,1,1,0,0,true_secret,1
evenup_finding_0073,phi,high,11,3.10,medium,0,0,0,log,prod,1,0,0,0,unknown,0,0,0,0,internet,critical,fintech-legal-hybrid,1,1,0,0,true_secret,1
evenup_finding_0074,phi,high,10,2.72,low,0,0,0,log,prod,1,0,0,0,unknown,0,0,0,0,internet,critical,fintech-legal-hybrid,1,1,0,0,true_secret,1
evenup_finding_0075,phi,high,12,3.02,medium,0,0,0,log,prod,1,0,0,0,unknown,0,0,0,0,internet,critical,fintech-legal-hybrid,1,1,0,0,true_secret,1
evenup_finding_0076,database_password,high,123,5.03,high,0,0,0,log,prod,1,0,0,0,public,0,0,0,0,internet,critical,fintech-legal-hybrid,1,1,0,0,true_secret,1
evenup_finding_0077,pii,high,11,2.66,low,0,0,0,log,prod,1,0,0,0,secret,1,0,0,0,internet,critical,fintech-legal-hybrid,1,1,0,0,true_secret,1
evenup_finding_0078,phi,high,11,3.28,medium,0,0,0,log,prod,1,0,0,0,unknown,0,0,0,0,internet,critical,fintech-legal-hybrid,1,1,0,0,true_secret,1
evenup_finding_0079,phi,high,10,2.45,low,0,0,0,log,prod,1,0,0,0,unknown,0,0,0,0,internet,critical,fintech-legal-hybrid,1,1,0,0,true_secret,1
evenup_finding_0080,phi,high,12,2.75,low,0,0,0,log,prod,1,0,0,0,unknown,0,0,0,0,internet,critical,fintech-legal-hybrid,1,1,0,0,true_secret,1
evenup_finding_0081,database_password,high,123,5.02,high,0,0,0,log,prod,1,0,0,0,public,0,0,0,0,internet,critical,fintech-legal-hybrid,1,1,0,0,true_secret,1
evenup_finding_0082,cloud_key,high,20,3.55,medium,1,0,0,iac,prod,1,0,0,1,secret,1,0,0,0,internet,critical,fintech-legal-hybrid,1,1,0,0,true_secret,1
evenup_finding_0083,cloud_key,high,40,4.85,high,0,0,0,iac,prod,1,0,0,1,secret,1,0,0,0,internet,critical,fintech-legal-hybrid,1,1,0,0,true_secret,1
evenup_finding_0084,database_password,high,125,5.05,high,0,0,0,iac,prod,1,0,0,1,public,0,0,0,0,internet,critical,fintech-legal-hybrid,1,1,0,0,true_secret,1
evenup_finding_0085,api_key,high,177,5.70,high,0,0,0,iac,prod,1,0,0,1,secret,1,0,0,0,internet,critical,fintech-legal-hybrid,1,1,0,0,true_secret,1
evenup_finding_0086,payment_secret,high,32,4.60,high,0,0,0,iac,prod,1,0,0,1,secret,1,0,0,0,internet,critical,fintech-legal-hybrid,1,1,0,0,true_secret,1
evenup_finding_0087,cloud_key,high,20,4.12,high,1,0,0,iac,prod,1,0,0,1,secret,1,0,0,0,internet,critical,fintech-legal-hybrid,1,1,0,0,true_secret,1
evenup_finding_0088,cloud_key,high,40,4.73,high,0,0,0,iac,prod,1,0,0,1,secret,1,0,0,0,internet,critical,fintech-legal-hybrid,1,1,0,0,true_secret,1
evenup_finding_0089,database_password,high,125,5.06,high,0,0,0,iac,prod,1,0,0,1,public,0,0,0,0,internet,critical,fintech-legal-hybrid,1,1,0,0,true_secret,1
evenup_finding_0090,api_key,high,177,5.75,high,0,0,0,iac,prod,1,0,0,1,secret,1,0,0,0,internet,critical,fintech-legal-hybrid,1,1,0,0,true_secret,1
evenup_finding_0091,payment_secret,high,32,4.56,high,0,0,0,iac,prod,1,0,0,1,secret,1,0,0,0,internet,critical,fintech-legal-hybrid,1,1,0,0,true_secret,1
evenup_finding_0092,cloud_key,high,20,4.02,high,1,0,0,iac,prod,1,0,0,1,secret,1,0,0,0,internet,critical,fintech-legal-hybrid,1,1,0,0,true_secret,1
evenup_finding_0093,cloud_key,high,40,4.90,high,0,0,0,iac,prod,1,0,0,1,secret,1,0,0,0,internet,critical,fintech-legal-hybrid,1,1,0,0,true_secret,1
evenup_finding_0094,database_password,high,125,5.02,high,0,0,0,iac,prod,1,0,0,1,public,0,0,0,0,internet,critical,fintech-legal-hybrid,1,1,0,0,true_secret,1
evenup_finding_0095,api_key,high,177,5.75,high,0,0,0,iac,prod,1,0,0,1,secret,1,0,0,0,internet,critical,fintech-legal-hybrid,1,1,0,0,true_secret,1
evenup_finding_0096,payment_secret,high,32,4.54,high,0,0,0,iac,prod,1,0,0,1,secret,1,0,0,0,internet,critical,fintech-legal-hybrid,1,1,0,0,true_secret,1
evenup_finding_0097,payment_secret,low,24,1.83,low,0,0,0,iac,prod,1,0,0,1,secret,1,0,0,0,internet,critical,fintech-legal-hybrid,1,1,0,0,false_positive,0
evenup_finding_0098,database_password,low,125,5.55,high,0,0,0,iac,prod,1,0,0,1,secret,1,0,0,0,internet,critical,fintech-legal-hybrid,1,1,0,0,false_positive,0
evenup_finding_0099,payment_secret,low,24,1.83,low,0,0,0,iac,prod,1,0,0,1,secret,1,0,0,0,internet,critical,fintech-legal-hybrid,1,1,0,0,false_positive,0
evenup_finding_0100,database_password,low,125,5.62,high,0,0,0,iac,prod,1,0,0,1,secret,1,0,0,0,internet,critical,fintech-legal-hybrid,1,1,0,0,false_positive,0
evenup_finding_0101,payment_secret,low,24,1.83,low,0,0,0,iac,prod,1,0,0,1,secret,1,0,0,0,internet,critical,fintech-legal-hybrid,1,1,0,0,false_positive,0
evenup_finding_0102,database_password,low,125,5.56,high,0,0,0,iac,prod,1,0,0,1,secret,1,0,0,0,internet,critical,fintech-legal-hybrid,1,1,0,0,false_positive,0
evenup_finding_0103,pii,low,16,3.00,medium,0,0,0,production_config,prod,1,0,0,1,unknown,0,0,0,0,internet,critical,fintech-legal-hybrid,1,1,0,0,false_positive,0
evenup_finding_0104,api_key,high,48,5.01,high,0,0,0,iac,prod,1,0,0,1,unknown,0,0,0,0,internet,critical,fintech-legal-hybrid,1,1,0,0,true_secret,1
evenup_finding_0105,api_key,high,40,4.87,high,0,0,0,iac,prod,1,0,0,1,secret,1,0,0,0,internet,critical,fintech-legal-hybrid,1,1,0,0,true_secret,1
evenup_finding_0106,api_key,high,48,5.01,high,0,0,0,iac,prod,1,0,0,1,unknown,0,0,0,0,internet,critical,fintech-legal-hybrid,1,1,0,0,true_secret,1
evenup_finding_0107,api_key,high,40,4.83,high,0,0,0,iac,prod,1,0,0,1,secret,1,0,0,0,internet,critical,fintech-legal-hybrid,1,1,0,0,true_secret,1
evenup_finding_0108,api_key,high,48,4.74,high,0,0,0,iac,prod,1,0,0,1,unknown,0,0,0,0,internet,critical,fintech-legal-hybrid,1,1,0,0,true_secret,1
evenup_finding_0109,api_key,high,40,4.90,high,0,0,0,iac,prod,1,0,0,1,secret,1,0,0,0,internet,critical,fintech-legal-hybrid,1,1,0,0,true_secret,1
evenup_finding_0110,pii,low,16,3.00,medium,0,0,0,production_config,prod,1,0,0,1,unknown,0,0,0,0,internet,critical,fintech-legal-hybrid,1,1,0,0,false_positive,0
evenup_finding_0111,cloud_key,medium,20,3.68,medium,1,0,0,production_config,prod,1,0,0,0,secret,1,1,0,1,internet,critical,fintech-legal-hybrid,1,1,1,0,test_value,0
evenup_finding_0112,payment_secret,medium,32,4.44,high,0,0,0,production_config,prod,1,0,0,0,secret,1,1,0,1,internet,critical,fintech-legal-hybrid,1,1,1,0,test_value,0
evenup_finding_0113,credit_card,medium,16,1.00,low,0,0,0,production_config,prod,1,0,0,0,unknown,0,1,0,1,internet,critical,fintech-legal-hybrid,1,1,1,0,test_value,0
evenup_finding_0114,email,medium,16,3.75,medium,0,0,1,production_config,prod,1,0,0,0,example,0,1,0,1,internet,critical,fintech-legal-hybrid,1,1,1,0,documentation_example,0
evenup_finding_0115,pii,medium,11,2.37,low,0,0,1,production_config,prod,1,0,0,0,example,0,1,0,1,internet,critical,fintech-legal-hybrid,1,1,1,0,documentation_example,0
evenup_finding_0116,cloud_key,medium,20,3.68,medium,1,0,0,production_config,prod,1,0,0,0,secret,1,1,0,1,internet,critical,fintech-legal-hybrid,1,1,1,0,test_value,0
evenup_finding_0117,payment_secret,medium,32,4.45,high,0,0,0,production_config,prod,1,0,0,0,secret,1,1,0,1,internet,critical,fintech-legal-hybrid,1,1,1,0,test_value,0
evenup_finding_0118,credit_card,medium,16,1.00,low,0,0,0,production_config,prod,1,0,0,0,unknown,0,1,0,1,internet,critical,fintech-legal-hybrid,1,1,1,0,test_value,0
evenup_finding_0119,email,medium,16,3.33,medium,0,0,1,production_config,prod,1,0,0,0,example,0,1,0,1,internet,critical,fintech-legal-hybrid,1,1,1,0,documentation_example,0
evenup_finding_0120,pii,medium,11,2.12,low,0,0,1,production_config,prod,1,0,0,0,example,0,1,0,1,internet,critical,fintech-legal-hybrid,1,1,1,0,documentation_example,0
evenup_finding_0121,payment_secret,high,32,4.45,high,0,0,0,production_config,prod,1,0,0,1,secret,1,0,0,0,internet,critical,fintech-legal-hybrid,1,1,0,0,true_secret,1
evenup_finding_0122,payment_secret,high,32,4.69,high,0,0,0,production_config,prod,1,0,0,1,secret,1,0,0,0,internet,critical,fintech-legal-hybrid,1,1,0,0,true_secret,1
evenup_finding_0123,pii,low,16,3.00,medium,0,0,0,production_config,prod,1,0,0,1,unknown,0,0,0,0,internet,critical,fintech-legal-hybrid,1,1,0,0,false_positive,0
evenup_finding_0124,pii,low,16,3.00,medium,0,0,0,production_config,prod,1,0,0,0,unknown,0,0,0,0,internet,critical,fintech-legal-hybrid,1,1,0,0,false_positive,0
evenup_finding_0125,pii,low,16,3.00,medium,0,0,0,production_config,prod,1,0,0,1,unknown,0,0,0,0,internet,critical,fintech-legal-hybrid,1,1,0,0,false_positive,0
evenup_finding_0126,credit_card,low,16,3.08,medium,0,0,0,log,prod,1,0,0,0,unknown,0,0,0,0,internet,critical,fintech-legal-hybrid,0,0,0,0,false_positive,0
evenup_finding_0127,api_key,low,36,3.86,medium,0,0,0,log,prod,1,0,0,0,unknown,0,0,0,0,internet,critical,fintech-legal-hybrid,1,1,0,0,false_positive,0
evenup_finding_0128,credit_card,low,16,2.75,low,0,0,0,log,prod,1,0,0,0,unknown,0,0,0,0,internet,critical,fintech-legal-hybrid,0,0,0,0,false_positive,0
evenup_finding_0129,api_key,low,36,3.83,medium,0,0,0,log,prod,1,0,0,0,unknown,0,0,0,0,internet,critical,fintech-legal-hybrid,1,1,0,0,false_positive,0
evenup_finding_0130,credit_card,low,16,2.91,low,0,0,0,log,prod,1,0,0,0,unknown,0,0,0,0,internet,critical,fintech-legal-hybrid,0,0,0,0,false_positive,0
evenup_finding_0131,api_key,low,36,3.78,medium,0,0,0,log,prod,1,0,0,0,unknown,0,0,0,0,internet,critical,fintech-legal-hybrid,1,1,0,0,false_positive,0
evenup_finding_0132,credit_card,low,16,2.70,low,0,0,0,log,prod,1,0,0,0,unknown,0,0,0,0,internet,critical,fintech-legal-hybrid,0,0,0,0,false_positive,0
evenup_finding_0133,api_key,low,36,3.66,medium,0,0,0,log,prod,1,0,0,0,unknown,0,0,0,0,internet,critical,fintech-legal-hybrid,1,1,0,0,false_positive,0
evenup_finding_0134,api_key,low,32,4.50,high,0,0,0,iac,prod,1,0,0,1,secret,1,0,0,0,internet,critical,fintech-legal-hybrid,1,1,0,1,public_non_secret,0
evenup_finding_0135,cloud_key,low,12,2.86,low,0,0,0,iac,prod,1,0,0,1,unknown,0,0,0,0,internet,critical,fintech-legal-hybrid,1,1,0,1,public_non_secret,0
evenup_finding_0136,url,low,36,3.85,medium,0,0,0,iac,prod,1,0,0,1,public,0,0,0,0,internet,critical,fintech-legal-hybrid,1,1,0,1,public_non_secret,0
evenup_finding_0137,api_key,low,32,4.60,high,0,0,0,iac,prod,1,0,0,1,secret,1,0,0,0,internet,critical,fintech-legal-hybrid,1,1,0,1,public_non_secret,0
evenup_finding_0138,cloud_key,low,12,2.75,low,0,0,0,iac,prod,1,0,0,1,unknown,0,0,0,0,internet,critical,fintech-legal-hybrid,1,1,0,1,public_non_secret,0
evenup_finding_0139,url,low,36,3.85,medium,0,0,0,iac,prod,1,0,0,1,public,0,0,0,0,internet,critical,fintech-legal-hybrid,1,1,0,1,public_non_secret,0
evenup_finding_0140,api_key,low,32,4.75,high,0,0,0,iac,prod,1,0,0,1,secret,1,0,0,0,internet,critical,fintech-legal-hybrid,1,1,0,1,public_non_secret,0
evenup_finding_0141,cloud_key,low,12,2.75,low,0,0,0,iac,prod,1,0,0,1,unknown,0,0,0,0,internet,critical,fintech-legal-hybrid,1,1,0,1,public_non_secret,0
evenup_finding_0142,url,low,36,3.98,medium,0,0,0,iac,prod,1,0,0,1,public,0,0,0,0,internet,critical,fintech-legal-hybrid,1,1,0,1,public_non_secret,0
evenup_finding_0143,api_key,low,32,4.41,high,0,0,0,iac,prod,1,0,0,1,secret,1,0,0,0,internet,critical,fintech-legal-hybrid,1,1,0,1,public_non_secret,0
evenup_finding_0144,cloud_key,low,12,2.69,low,0,0,0,iac,prod,1,0,0,1,unknown,0,0,0,0,internet,critical,fintech-legal-hybrid,1,1,0,1,public_non_secret,0
evenup_finding_0145,url,low,37,4.03,high,0,0,0,iac,prod,1,0,0,1,public,0,0,0,0,internet,critical,fintech-legal-hybrid,1,1,0,1,public_non_secret,0
evenup_finding_0146,pii,high,11,2.73,low,0,0,0,documentation,prod,1,0,1,0,secret,1,0,0,0,public,critical,fintech-legal-hybrid,1,1,0,0,true_secret,1
evenup_finding_0147,financial,high,22,3.21,medium,0,0,0,documentation,prod,1,0,1,0,secret,1,0,0,0,public,critical,fintech-legal-hybrid,1,1,0,0,true_secret,1
evenup_finding_0148,financial,high,9,2.42,low,0,0,0,documentation,prod,1,0,1,0,secret,1,0,0,0,public,critical,fintech-legal-hybrid,1,1,0,0,true_secret,1
evenup_finding_0149,api_key,high,48,4.93,high,0,0,0,documentation,prod,1,0,1,0,secret,1,0,0,0,public,critical,fintech-legal-hybrid,1,1,0,0,true_secret,1
evenup_finding_0150,pii,high,11,2.91,low,0,0,0,documentation,prod,1,0,1,0,secret,1,0,0,0,public,critical,fintech-legal-hybrid,1,1,0,0,true_secret,1
evenup_finding_0151,financial,high,22,3.33,medium,0,0,0,documentation,prod,1,0,1,0,secret,1,0,0,0,public,critical,fintech-legal-hybrid,1,1,0,0,true_secret,1
evenup_finding_0152,financial,high,9,2.42,low,0,0,0,documentation,prod,1,0,1,0,secret,1,0,0,0,public,critical,fintech-legal-hybrid,1,1,0,0,true_secret,1
evenup_finding_0153,api_key,high,48,5.04,high,0,0,0,documentation,prod,1,0,1,0,secret,1,0,0,0,public,critical,fintech-legal-hybrid,1,1,0,0,true_secret,1
evenup_finding_0154,pii,high,11,2.66,low,0,0,0,documentation,prod,1,0,1,0,secret,1,0,0,0,public,critical,fintech-legal-hybrid,1,1,0,0,true_secret,1
evenup_finding_0155,financial,high,22,3.21,medium,0,0,0,documentation,prod,1,0,1,0,secret,1,0,0,0,public,critical,fintech-legal-hybrid,1,1,0,0,true_secret,1
evenup_finding_0156,financial,high,9,2.20,low,0,0,0,documentation,prod,1,0,1,0,secret,1,0,0,0,public,critical,fintech-legal-hybrid,1,1,0,0,true_secret,1
evenup_finding_0157,api_key,high,48,5.03,high,0,0,0,documentation,prod,1,0,1,0,secret,1,0,0,0,public,critical,fintech-legal-hybrid,1,1,0,0,true_secret,1
evenup_finding_0158,pii,high,11,2.37,low,0,0,0,documentation,prod,1,0,1,0,secret,1,0,0,0,public,critical,fintech-legal-hybrid,1,1,0,0,true_secret,1
evenup_finding_0159,financial,high,22,3.21,medium,0,0,0,documentation,prod,1,0,1,0,secret,1,0,0,0,public,critical,fintech-legal-hybrid,1,1,0,0,true_secret,1
evenup_finding_0160,financial,high,9,2.20,low,0,0,0,documentation,prod,1,0,1,0,secret,1,0,0,0,public,critical,fintech-legal-hybrid,1,1,0,0,true_secret,1
evenup_finding_0161,api_key,high,48,4.86,high,0,0,0,documentation,prod,1,0,1,0,secret,1,0,0,0,public,critical,fintech-legal-hybrid,1,1,0,0,true_secret,1
evenup_finding_0162,pii,high,11,2.73,low,0,0,0,documentation,prod,1,0,1,0,secret,1,0,0,0,public,critical,fintech-legal-hybrid,1,1,0,0,true_secret,1
evenup_finding_0163,financial,high,22,3.27,medium,0,0,0,documentation,prod,1,0,1,0,secret,1,0,0,0,public,critical,fintech-legal-hybrid,1,1,0,0,true_secret,1
evenup_finding_0164,financial,high,9,2.50,low,0,0,0,documentation,prod,1,0,1,0,secret,1,0,0,0,public,critical,fintech-legal-hybrid,1,1,0,0,true_secret,1
evenup_finding_0165,api_key,high,48,4.90,high,0,0,0,documentation,prod,1,0,1,0,secret,1,0,0,0,public,critical,fintech-legal-hybrid,1,1,0,0,true_secret,1
evenup_finding_0166,pii,low,11,2.73,low,0,0,0,config,prod,1,0,0,0,unknown,0,0,0,0,shared,critical,fintech-legal-hybrid,1,1,0,0,false_positive,0
evenup_finding_0167,credit_card,low,19,3.05,medium,0,0,0,config,prod,1,0,0,0,unknown,0,0,0,0,shared,critical,fintech-legal-hybrid,0,0,0,0,false_positive,0
evenup_finding_0168,api_key,low,40,3.81,medium,0,0,0,config,prod,1,0,0,0,unknown,0,0,0,0,shared,critical,fintech-legal-hybrid,1,1,0,0,false_positive,0
evenup_finding_0169,api_key,low,33,3.39,medium,0,0,0,config,prod,1,0,0,0,unknown,0,0,0,0,shared,critical,fintech-legal-hybrid,1,1,0,0,false_positive,0
evenup_finding_0170,pii,low,11,3.10,medium,0,0,0,config,prod,1,0,0,0,unknown,0,0,0,0,shared,critical,fintech-legal-hybrid,1,1,0,0,false_positive,0
evenup_finding_0171,credit_card,low,19,3.16,medium,0,0,0,config,prod,1,0,0,0,unknown,0,0,0,0,shared,critical,fintech-legal-hybrid,0,0,0,0,false_positive,0
evenup_finding_0172,api_key,low,40,3.53,medium,0,0,0,config,prod,1,0,0,0,unknown,0,0,0,0,shared,critical,fintech-legal-hybrid,1,1,0,0,false_positive,0
evenup_finding_0173,api_key,low,35,3.80,medium,0,0,0,config,prod,1,0,0,0,unknown,0,0,0,0,shared,critical,fintech-legal-hybrid,1,1,0,0,false_positive,0
evenup_finding_0174,pii,low,11,2.91,low,0,0,0,config,prod,1,0,0,0,unknown,0,0,0,0,shared,critical,fintech-legal-hybrid,1,1,0,0,false_positive,0
evenup_finding_0175,credit_card,low,19,2.80,low,0,0,0,config,prod,1,0,0,0,unknown,0,0,0,0,shared,critical,fintech-legal-hybrid,0,0,0,0,false_positive,0
evenup_finding_0176,api_key,low,40,3.70,medium,0,0,0,config,prod,1,0,0,0,unknown,0,0,0,0,shared,critical,fintech-legal-hybrid,1,1,0,0,false_positive,0
evenup_finding_0177,api_key,low,35,3.24,medium,0,0,0,config,prod,1,0,0,0,unknown,0,0,0,0,shared,critical,fintech-legal-hybrid,1,1,0,0,false_positive,0
evenup_finding_0178,pii,low,16,3.00,medium,0,0,0,config,prod,1,0,0,0,unknown,0,0,0,0,shared,critical,fintech-legal-hybrid,1,1,0,0,false_positive,0
evenup_finding_0179,pii,high,11,2.91,low,0,0,0,production_config,prod,1,0,0,0,secret,1,0,0,0,shared,critical,fintech-legal-hybrid,1,1,0,0,true_secret,1
evenup_finding_0180,financial,high,22,3.04,medium,0,0,0,production_config,prod,1,0,0,0,secret,1,0,0,0,shared,critical,fintech-legal-hybrid,1,1,0,0,true_secret,1
evenup_finding_0181,credit_card,high,16,2.91,low,0,0,0,production_config,prod,1,0,0,0,unknown,0,0,0,0,shared,critical,fintech-legal-hybrid,1,1,0,0,true_secret,1
evenup_finding_0182,pii,high,11,2.66,low,0,0,0,production_config,prod,1,0,0,0,secret,1,0,0,0,shared,critical,fintech-legal-hybrid,1,1,0,0,true_secret,1
evenup_finding_0183,financial,high,22,3.12,medium,0,0,0,production_config,prod,1,0,0,0,secret,1,0,0,0,shared,critical,fintech-legal-hybrid,1,1,0,0,true_secret,1
evenup_finding_0184,credit_card,high,16,2.83,low,0,0,0,production_config,prod,1,0,0,0,unknown,0,0,0,0,shared,critical,fintech-legal-hybrid,1,1,0,0,true_secret,1
evenup_finding_0185,pii,high,11,2.55,low,0,0,0,production_config,prod,1,0,0,0,secret,1,0,0,0,shared,critical,fintech-legal-hybrid,1,1,0,0,true_secret,1
evenup_finding_0186,financial,high,22,3.17,medium,0,0,0,production_config,prod,1,0,0,0,secret,1,0,0,0,shared,critical,fintech-legal-hybrid,1,1,0,0,true_secret,1
evenup_finding_0187,credit_card,high,16,2.40,low,0,0,0,production_config,prod,1,0,0,0,unknown,0,0,0,0,shared,critical,fintech-legal-hybrid,1,1,0,0,true_secret,1
evenup_finding_0188,pii,high,11,2.48,low,0,0,0,production_config,prod,1,0,0,0,secret,1,0,0,0,shared,critical,fintech-legal-hybrid,1,1,0,0,true_secret,1
evenup_finding_0189,financial,high,22,3.48,medium,0,0,0,production_config,prod,1,0,0,0,secret,1,0,0,0,shared,critical,fintech-legal-hybrid,1,1,0,0,true_secret,1
evenup_finding_0190,credit_card,high,16,3.00,medium,0,0,0,production_config,prod,1,0,0,0,unknown,0,0,0,0,shared,critical,fintech-legal-hybrid,1,1,0,0,true_secret,1
evenup_finding_0191,pii,high,11,2.91,low,0,0,0,production_config,prod,1,0,0,0,secret,1,0,0,0,shared,critical,fintech-legal-hybrid,1,1,0,0,true_secret,1
evenup_finding_0192,financial,high,22,3.02,medium,0,0,0,production_config,prod,1,0,0,0,secret,1,0,0,0,shared,critical,fintech-legal-hybrid,1,1,0,0,true_secret,1
evenup_finding_0193,credit_card,high,16,2.53,low,0,0,0,production_config,prod,1,0,0,0,unknown,0,0,0,0,shared,critical,fintech-legal-hybrid,1,1,0,0,true_secret,1
evenup_finding_0194,pii,high,11,2.19,low,0,0,0,production_config,prod,1,0,0,0,secret,1,0,0,0,shared,critical,fintech-legal-hybrid,1,1,0,0,true_secret,1
evenup_finding_0195,financial,high,22,3.17,medium,0,0,0,production_config,prod,1,0,0,0,secret,1,0,0,0,shared,critical,fintech-legal-hybrid,1,1,0,0,true_secret,1
evenup_finding_0196,credit_card,high,16,2.52,low,0,0,0,production_config,prod,1,0,0,0,unknown,0,0,0,0,shared,critical,fintech-legal-hybrid,1,1,0,0,true_secret,1
evenup_finding_0197,pii,high,11,2.73,low,0,0,0,production_config,prod,1,0,0,0,secret,1,0,0,0,shared,critical,fintech-legal-hybrid,1,1,0,0,true_secret,1
evenup_finding_0198,financial,high,22,3.21,medium,0,0,0,production_config,prod,1,0,0,0,secret,1,0,0,0,shared,critical,fintech-legal-hybrid,1,1,0,0,true_secret,1
evenup_finding_0199,credit_card,high,16,3.20,medium,0,0,0,production_config,prod,1,0,0,0,unknown,0,0,0,0,shared,critical,fintech-legal-hybrid,1,1,0,0,true_secret,1
evenup_finding_0200,pii,high,11,2.66,low,0,0,0,production_config,prod,1,0,0,0,secret,1,0,0,0,shared,critical,fintech-legal-hybrid,1,1,0,0,true_secret,1
evenup_finding_0201,financial,high,22,2.82,low,0,0,0,production_config,prod,1,0,0,0,secret,1,0,0,0,shared,critical,fintech-legal-hybrid,1,1,0,0,true_secret,1
evenup_finding_0202,credit_card,high,16,2.73,low,0,0,0,production_config,prod,1,0,0,0,unknown,0,0,0,0,shared,critical,fintech-legal-hybrid,1,1,0,0,true_secret,1
evenup_finding_0203,pii,high,11,2.66,low,0,0,0,production_config,prod,1,0,0,0,secret,1,0,0,0,shared,critical,fintech-legal-hybrid,1,1,0,0,true_secret,1
evenup_finding_0204,financial,high,22,3.32,medium,0,0,0,production_config,prod,1,0,0,0,secret,1,0,0,0,shared,critical,fintech-legal-hybrid,1,1,0,0,true_secret,1
evenup_finding_0205,credit_card,high,16,3.03,medium,0,0,0,production_config,prod,1,0,0,0,unknown,0,0,0,0,shared,critical,fintech-legal-hybrid,1,1,0,0,true_secret,1
evenup_finding_0206,pii,high,11,2.73,low,0,0,0,production_config,prod,1,0,0,0,secret,1,0,0,0,shared,critical,fintech-legal-hybrid,1,1,0,0,true_secret,1
evenup_finding_0207,financial,high,22,3.19,medium,0,0,0,production_config,prod,1,0,0,0,secret,1,0,0,0,shared,critical,fintech-legal-hybrid,1,1,0,0,true_secret,1
evenup_finding_0208,credit_card,high,16,2.66,low,0,0,0,production_config,prod,1,0,0,0,unknown,0,0,0,0,shared,critical,fintech-legal-hybrid,1,1,0,0,true_secret,1
evenup_finding_0209,pii,high,11,2.30,low,0,0,0,production_config,prod,1,0,0,0,secret,1,0,0,0,shared,critical,fintech-legal-hybrid,1,1,0,0,true_secret,1
evenup_finding_0210,financial,high,22,3.39,medium,0,0,0,production_config,prod,1,0,0,0,secret,1,0,0,0,shared,critical,fintech-legal-hybrid,1,1,0,0,true_secret,1
evenup_finding_0211,credit_card,high,16,2.78,low,0,0,0,production_config,prod,1,0,0,0,unknown,0,0,0,0,shared,critical,fintech-legal-hybrid,1,1,0,0,true_secret,1
evenup_finding_0212,pii,high,11,3.10,medium,0,0,0,production_config,prod,1,0,0,0,secret,1,0,0,0,shared,critical,fintech-legal-hybrid,1,1,0,0,true_secret,1
evenup_finding_0213,financial,high,22,3.45,medium,0,0,0,production_config,prod,1,0,0,0,secret,1,0,0,0,shared,critical,fintech-legal-hybrid,1,1,0,0,true_secret,1
evenup_finding_0214,credit_card,high,16,2.90,low,0,0,0,production_config,prod,1,0,0,0,unknown,0,0,0,0,shared,critical,fintech-legal-hybrid,1,1,0,0,true_secret,1
evenup_finding_0215,pii,high,11,2.73,low,0,0,0,production_config,prod,1,0,0,0,secret,1,0,0,0,shared,critical,fintech-legal-hybrid,1,1,0,0,true_secret,1
evenup_finding_0216,financial,high,22,3.27,medium,0,0,0,production_config,prod,1,0,0,0,secret,1,0,0,0,shared,critical,fintech-legal-hybrid,1,1,0,0,true_secret,1
evenup_finding_0217,credit_card,high,16,2.88,low,0,0,0,production_config,prod,1,0,0,0,unknown,0,0,0,0,shared,critical,fintech-legal-hybrid,1,1,0,0,true_secret,1
evenup_finding_0218,pii,high,11,2.91,low,0,0,0,production_config,prod,1,0,0,0,secret,1,0,0,0,shared,critical,fintech-legal-hybrid,1,1,0,0,true_secret,1
evenup_finding_0219,financial,high,22,3.36,medium,0,0,0,production_config,prod,1,0,0,0,secret,1,0,0,0,shared,critical,fintech-legal-hybrid,1,1,0,0,true_secret,1
evenup_finding_0220,credit_card,high,16,2.91,low,0,0,0,production_config,prod,1,0,0,0,unknown,0,0,0,0,shared,critical,fintech-legal-hybrid,1,1,0,0,true_secret,1
evenup_finding_0221,pii,high,11,2.73,low,0,0,0,production_config,prod,1,0,0,0,secret,1,0,0,0,shared,critical,fintech-legal-hybrid,1,1,0,0,true_secret,1
evenup_finding_0222,financial,high,22,3.28,medium,0,0,0,production_config,prod,1,0,0,0,secret,1,0,0,0,shared,critical,fintech-legal-hybrid,1,1,0,0,true_secret,1
evenup_finding_0223,credit_card,high,16,2.83,low,0,0,0,production_config,prod,1,0,0,0,unknown,0,0,0,0,shared,critical,fintech-legal-hybrid,1,1,0,0,true_secret,1
evenup_finding_0224,pii,high,11,2.73,low,0,0,0,production_config,prod,1,0,0,0,secret,1,0,0,0,shared,critical,fintech-legal-hybrid,1,1,0,0,true_secret,1
evenup_finding_0225,financial,high,22,3.27,medium,0,0,0,production_config,prod,1,0,0,0,secret,1,0,0,0,shared,critical,fintech-legal-hybrid,1,1,0,0,true_secret,1
evenup_finding_0226,credit_card,high,16,3.03,medium,0,0,0,production_config,prod,1,0,0,0,unknown,0,0,0,0,shared,critical,fintech-legal-hybrid,1,1,0,0,true_secret,1
evenup_finding_0227,pii,high,11,2.66,low,0,0,0,production_config,prod,1,0,0,0,secret,1,0,0,0,shared,critical,fintech-legal-hybrid,1,1,0,0,true_secret,1
evenup_finding_0228,financial,high,22,3.22,medium,0,0,0,production_config,prod,1,0,0,0,secret,1,0,0,0,shared,critical,fintech-legal-hybrid,1,1,0,0,true_secret,1
evenup_finding_0229,credit_card,high,16,2.95,low,0,0,0,production_config,prod,1,0,0,0,unknown,0,0,0,0,shared,critical,fintech-legal-hybrid,1,1,0,0,true_secret,1
evenup_finding_0230,pii,high,11,2.55,low,0,0,0,production_config,prod,1,0,0,0,secret,1,0,0,0,shared,critical,fintech-legal-hybrid,1,1,0,0,true_secret,1
evenup_finding_0231,financial,high,22,3.32,medium,0,0,0,production_config,prod,1,0,0,0,secret,1,0,0,0,shared,critical,fintech-legal-hybrid,1,1,0,0,true_secret,1
evenup_finding_0232,credit_card,high,16,2.78,low,0,0,0,production_config,prod,1,0,0,0,unknown,0,0,0,0,shared,critical,fintech-legal-hybrid,1,1,0,0,true_secret,1
evenup_finding_0233,credit_card,low,16,2.81,low,0,0,0,config,prod,1,0,0,0,unknown,0,0,0,0,shared,critical,fintech-legal-hybrid,0,0,0,0,false_positive,0
evenup_finding_0234,financial,low,22,3.15,medium,0,0,0,config,prod,1,0,0,0,secret,1,0,0,0,shared,critical,fintech-legal-hybrid,0,1,0,0,false_positive,0
evenup_finding_0235,credit_card,low,16,2.56,low,0,0,0,config,prod,1,0,0,0,unknown,0,0,0,0,shared,critical,fintech-legal-hybrid,0,0,0,0,false_positive,0
evenup_finding_0236,financial,low,22,3.41,medium,0,0,0,config,prod,1,0,0,0,secret,1,0,0,0,shared,critical,fintech-legal-hybrid,0,1,0,0,false_positive,0
evenup_finding_0237,credit_card,low,16,2.91,low,0,0,0,config,prod,1,0,0,0,unknown,0,0,0,0,shared,critical,fintech-legal-hybrid,0,0,0,0,false_positive,0
evenup_finding_0238,financial,low,22,3.05,medium,0,0,0,config,prod,1,0,0,0,secret,1,0,0,0,shared,critical,fintech-legal-hybrid,0,1,0,0,false_positive,0
evenup_finding_0239,credit_card,low,16,2.91,low,0,0,0,config,prod,1,0,0,0,unknown,0,0,0,0,shared,critical,fintech-legal-hybrid,0,0,0,0,false_positive,0
evenup_finding_0240,financial,low,22,3.30,medium,0,0,0,config,prod,1,0,0,0,secret,1,0,0,0,shared,critical,fintech-legal-hybrid,0,1,0,0,false_positive,0
evenup_finding_0241,credit_card,low,16,2.73,low,0,0,0,config,prod,1,0,0,0,unknown,0,0,0,0,shared,critical,fintech-legal-hybrid,0,0,0,0,false_positive,0
evenup_finding_0242,financial,low,22,2.94,low,0,0,0,config,prod,1,0,0,0,secret,1,0,0,0,shared,critical,fintech-legal-hybrid,0,1,0,0,false_positive,0
evenup_finding_0243,credit_card,low,16,3.20,medium,0,0,0,config,prod,1,0,0,0,unknown,0,0,0,0,shared,critical,fintech-legal-hybrid,0,0,0,0,false_positive,0
evenup_finding_0244,financial,low,22,3.17,medium,0,0,0,config,prod,1,0,0,0,secret,1,0,0,0,shared,critical,fintech-legal-hybrid,0,1,0,0,false_positive,0
evenup_finding_0245,credit_card,low,16,2.83,low,0,0,0,config,prod,1,0,0,0,unknown,0,0,0,0,shared,critical,fintech-legal-hybrid,0,0,0,0,false_positive,0
evenup_finding_0246,financial,low,22,3.14,medium,0,0,0,config,prod,1,0,0,0,secret,1,0,0,0,shared,critical,fintech-legal-hybrid,0,1,0,0,false_positive,0
evenup_finding_0247,credit_card,low,16,2.95,low,0,0,0,config,prod,1,0,0,0,unknown,0,0,0,0,shared,critical,fintech-legal-hybrid,0,0,0,0,false_positive,0
evenup_finding_0248,financial,low,22,3.06,medium,0,0,0,config,prod,1,0,0,0,secret,1,0,0,0,shared,critical,fintech-legal-hybrid,0,1,0,0,false_positive,0
evenup_finding_0249,credit_card,low,16,2.73,low,0,0,0,config,prod,1,0,0,0,unknown,0,0,0,0,shared,critical,fintech-legal-hybrid,0,0,0,0,false_positive,0
evenup_finding_0250,financial,low,22,3.30,medium,0,0,0,config,prod,1,0,0,0,secret,1,0,0,0,shared,critical,fintech-legal-hybrid,0,1,0,0,false_positive,0
evenup_finding_0251,credit_card,low,16,3.08,medium,0,0,0,config,prod,1,0,0,0,unknown,0,0,0,0,shared,critical,fintech-legal-hybrid,0,0,0,0,false_positive,0
evenup_finding_0252,financial,low,22,3.17,medium,0,0,0,config,prod,1,0,0,0,secret,1,0,0,0,shared,critical,fintech-legal-hybrid,0,1,0,0,false_positive,0
evenup_finding_0253,credit_card,low,16,2.91,low,0,0,0,config,prod,1,0,0,0,unknown,0,0,0,0,shared,critical,fintech-legal-hybrid,0,0,0,0,false_positive,0
evenup_finding_0254,financial,low,22,3.27,medium,0,0,0,config,prod,1,0,0,0,secret,1,0,0,0,shared,critical,fintech-legal-hybrid,0,1,0,0,false_positive,0
evenup_finding_0255,credit_card,low,16,2.78,low,0,0,0,config,prod,1,0,0,0,unknown,0,0,0,0,shared,critical,fintech-legal-hybrid,0,0,0,0,false_positive,0
evenup_finding_0256,financial,low,22,2.92,low,0,0,0,config,prod,1,0,0,0,secret,1,0,0,0,shared,critical,fintech-legal-hybrid,0,1,0,0,false_positive,0
evenup_finding_0257,credit_card,low,16,2.73,low,0,0,0,config,prod,1,0,0,0,unknown,0,0,0,0,shared,critical,fintech-legal-hybrid,0,0,0,0,false_positive,0
evenup_finding_0258,financial,low,22,3.39,medium,0,0,0,config,prod,1,0,0,0,secret,1,0,0,0,shared,critical,fintech-legal-hybrid,0,1,0,0,false_positive,0
evenup_finding_0259,credit_card,low,16,2.95,low,0,0,0,config,prod,1,0,0,0,unknown,0,0,0,0,shared,critical,fintech-legal-hybrid,0,0,0,0,false_positive,0
evenup_finding_0260,financial,low,22,3.45,medium,0,0,0,config,prod,1,0,0,0,secret,1,0,0,0,shared,critical,fintech-legal-hybrid,0,1,0,0,false_positive,0
evenup_finding_0261,credit_card,low,16,2.75,low,0,0,0,config,prod,1,0,0,0,unknown,0,0,0,0,shared,critical,fintech-legal-hybrid,0,0,0,0,false_positive,0
evenup_finding_0262,financial,low,22,3.04,medium,0,0,0,config,prod,1,0,0,0,secret,1,0,0,0,shared,critical,fintech-legal-hybrid,0,1,0,0,false_positive,0
evenup_finding_0263,credit_card,low,16,2.70,low,0,0,0,config,prod,1,0,0,0,unknown,0,0,0,0,shared,critical,fintech-legal-hybrid,0,0,0,0,false_positive,0
evenup_finding_0264,financial,low,22,2.85,low,0,0,0,config,prod,1,0,0,0,secret,1,0,0,0,shared,critical,fintech-legal-hybrid,0,1,0,0,false_positive,0
evenup_finding_0265,credit_card,low,16,3.08,medium,0,0,0,config,prod,1,0,0,0,unknown,0,0,0,0,shared,critical,fintech-legal-hybrid,0,0,0,0,false_positive,0
evenup_finding_0266,financial,low,22,3.43,medium,0,0,0,config,prod,1,0,0,0,secret,1,0,0,0,shared,critical,fintech-legal-hybrid,0,1,0,0,false_positive,0
evenup_finding_0267,credit_card,low,16,3.03,medium,0,0,0,config,prod,1,0,0,0,unknown,0,0,0,0,shared,critical,fintech-legal-hybrid,0,0,0,0,false_positive,0
evenup_finding_0268,financial,low,22,3.12,medium,0,0,0,config,prod,1,0,0,0,secret,1,0,0,0,shared,critical,fintech-legal-hybrid,0,1,0,0,false_positive,0
evenup_finding_0269,pii,high,9,2.64,low,0,0,0,production_config,prod,1,0,0,0,unknown,0,0,0,0,shared,critical,fintech-legal-hybrid,1,1,0,0,true_secret,1
evenup_finding_0270,pii,high,10,3.12,medium,0,0,0,production_config,prod,1,0,0,0,unknown,0,0,0,0,shared,critical,fintech-legal-hybrid,1,1,0,0,true_secret,1
evenup_finding_0271,pii,high,11,2.66,low,0,0,0,production_config,prod,1,0,0,0,secret,1,0,0,0,shared,critical,fintech-legal-hybrid,1,1,0,0,true_secret,1
evenup_finding_0272,pii,high,9,2.64,low,0,0,0,production_config,prod,1,0,0,0,unknown,0,0,0,0,shared,critical,fintech-legal-hybrid,1,1,0,0,true_secret,1
evenup_finding_0273,pii,high,10,2.65,low,0,0,0,production_config,prod,1,0,0,0,unknown,0,0,0,0,shared,critical,fintech-legal-hybrid,1,1,0,0,true_secret,1
evenup_finding_0274,pii,high,11,2.91,low,0,0,0,production_config,prod,1,0,0,0,secret,1,0,0,0,shared,critical,fintech-legal-hybrid,1,1,0,0,true_secret,1
evenup_finding_0275,pii,high,9,3.17,medium,0,0,0,production_config,prod,1,0,0,0,unknown,0,0,0,0,shared,critical,fintech-legal-hybrid,1,1,0,0,true_secret,1
evenup_finding_0276,pii,high,10,3.12,medium,0,0,0,production_config,prod,1,0,0,0,unknown,0,0,0,0,shared,critical,fintech-legal-hybrid,1,1,0,0,true_secret,1
evenup_finding_0277,pii,high,11,2.73,low,0,0,0,production_config,prod,1,0,0,0,secret,1,0,0,0,shared,critical,fintech-legal-hybrid,1,1,0,0,true_secret,1
evenup_finding_0278,pii,high,9,2.73,low,0,0,0,production_config,prod,1,0,0,0,unknown,0,0,0,0,shared,critical,fintech-legal-hybrid,1,1,0,0,true_secret,1
evenup_finding_0279,pii,high,10,3.32,medium,0,0,0,production_config,prod,1,0,0,0,unknown,0,0,0,0,shared,critical,fintech-legal-hybrid,1,1,0,0,true_secret,1
evenup_finding_0280,pii,high,11,2.48,low,0,0,0,production_config,prod,1,0,0,0,secret,1,0,0,0,shared,critical,fintech-legal-hybrid,1,1,0,0,true_secret,1
evenup_finding_0281,pii,high,9,2.73,low,0,0,0,production_config,prod,1,0,0,0,unknown,0,0,0,0,shared,critical,fintech-legal-hybrid,1,1,0,0,true_secret,1
evenup_finding_0282,pii,high,10,2.85,low,0,0,0,production_config,prod,1,0,0,0,unknown,0,0,0,0,shared,critical,fintech-legal-hybrid,1,1,0,0,true_secret,1
evenup_finding_0283,pii,high,11,2.48,low,0,0,0,production_config,prod,1,0,0,0,secret,1,0,0,0,shared,critical,fintech-legal-hybrid,1,1,0,0,true_secret,1
evenup_finding_0284,pii,high,9,2.73,low,0,0,0,production_config,prod,1,0,0,0,unknown,0,0,0,0,shared,critical,fintech-legal-hybrid,1,1,0,0,true_secret,1
evenup_finding_0285,pii,high,10,2.92,low,0,0,0,production_config,prod,1,0,0,0,unknown,0,0,0,0,shared,critical,fintech-legal-hybrid,1,1,0,0,true_secret,1
evenup_finding_0286,pii,high,11,2.73,low,0,0,0,production_config,prod,1,0,0,0,secret,1,0,0,0,shared,critical,fintech-legal-hybrid,1,1,0,0,true_secret,1
evenup_finding_0287,pii,low,11,2.19,low,0,0,0,config,prod,1,0,0,0,secret,1,0,0,0,shared,critical,fintech-legal-hybrid,0,1,0,0,false_positive,0
evenup_finding_0288,pii,low,11,2.41,low,0,0,1,config,prod,1,0,0,0,secret,1,0,0,0,shared,critical,fintech-legal-hybrid,0,1,0,0,false_positive,0
evenup_finding_0289,pii,low,11,2.66,low,0,0,0,config,prod,1,0,0,0,secret,1,0,0,0,shared,critical,fintech-legal-hybrid,0,1,0,0,false_positive,0
evenup_finding_0290,pii,low,11,2.66,low,0,0,0,config,prod,1,0,0,0,secret,1,0,0,0,shared,critical,fintech-legal-hybrid,0,1,0,0,false_positive,0
evenup_finding_0291,pii,low,11,2.48,low,0,0,1,config,prod,1,0,0,0,secret,1,0,0,0,shared,critical,fintech-legal-hybrid,0,1,0,0,false_positive,0
evenup_finding_0292,pii,low,11,2.66,low,0,0,1,config,prod,1,0,0,0,secret,1,0,0,0,shared,critical,fintech-legal-hybrid,0,1,0,0,false_positive,0
evenup_finding_0293,pii,low,11,2.41,low,0,0,1,config,prod,1,0,0,0,secret,1,0,0,0,shared,critical,fintech-legal-hybrid,0,1,0,0,false_positive,0
evenup_finding_0294,pii,low,11,2.19,low,0,0,1,config,prod,1,0,0,0,secret,1,0,0,0,shared,critical,fintech-legal-hybrid,0,1,0,0,false_positive,0
evenup_finding_0295,pii,low,11,2.37,low,0,0,1,config,prod,1,0,0,0,secret,1,0,0,0,shared,critical,fintech-legal-hybrid,0,1,0,0,false_positive,0
evenup_finding_0296,pii,low,11,3.10,medium,0,0,0,config,prod,1,0,0,0,secret,1,0,0,0,shared,critical,fintech-legal-hybrid,0,1,0,0,false_positive,0
evenup_finding_0297,pii,low,11,2.48,low,0,0,0,config,prod,1,0,0,0,secret,1,0,0,0,shared,critical,fintech-legal-hybrid,0,1,0,0,false_positive,0
evenup_finding_0298,pii,low,11,2.41,low,0,0,1,config,prod,1,0,0,0,secret,1,0,0,0,shared,critical,fintech-legal-hybrid,0,1,0,0,false_positive,0
evenup_finding_0299,pii,low,11,2.91,low,0,0,0,config,prod,1,0,0,0,secret,1,0,0,0,shared,critical,fintech-legal-hybrid,0,1,0,0,false_positive,0
evenup_finding_0300,pii,low,11,2.48,low,0,0,0,config,prod,1,0,0,0,secret,1,0,0,0,shared,critical,fintech-legal-hybrid,0,1,0,0,false_positive,0
evenup_finding_0301,pii,low,11,2.73,low,0,0,0,config,prod,1,0,0,0,secret,1,0,0,0,shared,critical,fintech-legal-hybrid,0,1,0,0,false_positive,0
evenup_finding_0302,pii,low,11,2.37,low,0,0,0,config,prod,1,0,0,0,secret,1,0,0,0,shared,critical,fintech-legal-hybrid,0,1,0,0,false_positive,0
evenup_finding_0303,pii,low,11,2.66,low,0,0,1,config,prod,1,0,0,0,secret,1,0,0,0,shared,critical,fintech-legal-hybrid,0,1,0,0,false_positive,0
evenup_finding_0304,pii,low,11,2.41,low,0,0,0,config,prod,1,0,0,0,secret,1,0,0,0,shared,critical,fintech-legal-hybrid,0,1,0,0,false_positive,0
evenup_finding_0305,pii,low,16,3.00,medium,0,0,0,config,prod,1,0,0,0,unknown,0,0,0,0,shared,critical,fintech-legal-hybrid,1,1,0,0,false_positive,0
evenup_finding_0306,phi,high,10,2.72,low,0,0,0,production_config,prod,1,0,0,0,unknown,0,0,0,0,shared,critical,fintech-legal-hybrid,1,1,0,0,true_secret,1
evenup_finding_0307,phi,high,12,2.86,low,0,0,0,production_config,prod,1,0,0,0,unknown,0,0,0,0,shared,critical,fintech-legal-hybrid,1,1,0,0,true_secret,1
evenup_finding_0308,credit_card,high,16,2.53,low,0,0,0,production_config,prod,1,0,0,0,unknown,0,0,0,0,shared,critical,fintech-legal-hybrid,1,1,0,0,true_secret,1
evenup_finding_0309,phi,high,10,2.72,low,0,0,0,production_config,prod,1,0,0,0,unknown,0,0,0,0,shared,critical,fintech-legal-hybrid,1,1,0,0,true_secret,1
evenup_finding_0310,phi,high,12,3.02,medium,0,0,0,production_config,prod,1,0,0,0,unknown,0,0,0,0,shared,critical,fintech-legal-hybrid,1,1,0,0,true_secret,1
evenup_finding_0311,credit_card,high,16,3.25,medium,0,0,0,production_config,prod,1,0,0,0,unknown,0,0,0,0,shared,critical,fintech-legal-hybrid,1,1,0,0,true_secret,1
evenup_finding_0312,phi,high,10,2.45,low,0,0,0,production_config,prod,1,0,0,0,unknown,0,0,0,0,shared,critical,fintech-legal-hybrid,1,1,0,0,true_secret,1
evenup_finding_0313,phi,high,12,3.02,medium,0,0,0,production_config,prod,1,0,0,0,unknown,0,0,0,0,shared,critical,fintech-legal-hybrid,1,1,0,0,true_secret,1
evenup_finding_0314,credit_card,high,16,2.91,low,0,0,0,production_config,prod,1,0,0,0,unknown,0,0,0,0,shared,critical,fintech-legal-hybrid,1,1,0,0,true_secret,1
evenup_finding_0315,phi,high,10,2.72,low,0,0,0,production_config,prod,1,0,0,0,unknown,0,0,0,0,shared,critical,fintech-legal-hybrid,1,1,0,0,true_secret,1
evenup_finding_0316,phi,high,12,3.19,medium,0,0,0,production_config,prod,1,0,0,0,unknown,0,0,0,0,shared,critical,fintech-legal-hybrid,1,1,0,0,true_secret,1
evenup_finding_0317,credit_card,high,16,2.91,low,0,0,0,production_config,prod,1,0,0,0,unknown,0,0,0,0,shared,critical,fintech-legal-hybrid,1,1,0,0,true_secret,1
evenup_finding_0318,phi,high,10,2.45,low,0,0,0,production_config,prod,1,0,0,0,unknown,0,0,0,0,shared,critical,fintech-legal-hybrid,1,1,0,0,true_secret,1
evenup_finding_0319,phi,high,12,3.19,medium,0,0,0,production_config,prod,1,0,0,0,unknown,0,0,0,0,shared,critical,fintech-legal-hybrid,1,1,0,0,true_secret,1
evenup_finding_0320,credit_card,high,16,2.95,low,0,0,0,production_config,prod,1,0,0,0,unknown,0,0,0,0,shared,critical,fintech-legal-hybrid,1,1,0,0,true_secret,1
evenup_finding_0321,pii,high,11,3.10,medium,0,0,0,production_config,prod,1,0,0,0,secret,1,0,0,0,shared,critical,fintech-legal-hybrid,1,1,0,0,true_secret,1
evenup_finding_0322,pii,high,10,2.92,low,0,0,0,production_config,prod,1,0,0,0,unknown,0,0,0,0,shared,critical,fintech-legal-hybrid,1,1,0,0,true_secret,1
evenup_finding_0323,financial,high,9,2.50,low,0,0,0,production_config,prod,1,0,0,0,secret,1,0,0,0,shared,critical,fintech-legal-hybrid,1,1,0,0,true_secret,1
evenup_finding_0324,pii,high,11,2.91,low,0,0,0,production_config,prod,1,0,0,0,secret,1,0,0,0,shared,critical,fintech-legal-hybrid,1,1,0,0,true_secret,1
evenup_finding_0325,pii,high,10,2.92,low,0,0,0,production_config,prod,1,0,0,0,unknown,0,0,0,0,shared,critical,fintech-legal-hybrid,1,1,0,0,true_secret,1
evenup_finding_0326,financial,high,9,2.73,low,0,0,0,production_config,prod,1,0,0,0,secret,1,0,0,0,shared,critical,fintech-legal-hybrid,1,1,0,0,true_secret,1
evenup_finding_0327,pii,high,11,2.66,low,0,0,0,production_config,prod,1,0,0,0,secret,1,0,0,0,shared,critical,fintech-legal-hybrid,1,1,0,0,true_secret,1
evenup_finding_0328,pii,high,10,2.92,low,0,0,0,production_config,prod,1,0,0,0,unknown,0,0,0,0,shared,critical,fintech-legal-hybrid,1,1,0,0,true_secret,1
evenup_finding_0329,financial,high,9,2.50,low,0,0,0,production_config,prod,1,0,0,0,secret,1,0,0,0,shared,critical,fintech-legal-hybrid,1,1,0,0,true_secret,1
evenup_finding_0330,pii,high,11,2.48,low,0,0,0,production_config,prod,1,0,0,0,secret,1,0,0,0,shared,critical,fintech-legal-hybrid,1,1,0,0,true_secret,1
evenup_finding_0331,pii,high,10,2.65,low,0,0,0,production_config,prod,1,0,0,0,unknown,0,0,0,0,shared,critical,fintech-legal-hybrid,1,1,0,0,true_secret,1
evenup_finding_0332,financial,high,9,2.73,low,0,0,0,production_config,prod,1,0,0,0,secret,1,0,0,0,shared,critical,fintech-legal-hybrid,1,1,0,0,true_secret,1
evenup_finding_0333,pii,high,11,2.73,low,0,0,0,production_config,prod,1,0,0,0,secret,1,0,0,0,shared,critical,fintech-legal-hybrid,1,1,0,0,true_secret,1
evenup_finding_0334,pii,high,10,2.92,low,0,0,0,production_config,prod,1,0,0,0,unknown,0,0,0,0,shared,critical,fintech-legal-hybrid,1,1,0,0,true_secret,1
evenup_finding_0335,financial,high,9,2.73,low,0,0,0,production_config,prod,1,0,0,0,secret,1,0,0,0,shared,critical,fintech-legal-hybrid,1,1,0,0,true_secret,1
evenup_finding_0336,pii,high,11,2.37,low,0,0,0,production_config,prod,1,0,0,0,secret,1,0,0,0,shared,critical,fintech-legal-hybrid,1,1,0,0,true_secret,1
evenup_finding_0337,pii,high,10,2.45,low,0,0,0,production_config,prod,1,0,0,0,unknown,0,0,0,0,shared,critical,fintech-legal-hybrid,1,1,0,0,true_secret,1
evenup_finding_0338,financial,high,9,2.06,low,0,0,0,production_config,prod,1,0,0,0,secret,1,0,0,0,shared,critical,fintech-legal-hybrid,1,1,0,0,true_secret,1
evenup_finding_0339,pii,high,11,3.10,medium,0,0,0,production_config,prod,1,0,0,0,secret,1,0,0,0,shared,critical,fintech-legal-hybrid,1,1,0,0,true_secret,1
evenup_finding_0340,pii,high,6,1.79,low,0,0,0,production_config,prod,1,0,0,0,unknown,0,0,0,0,shared,critical,fintech-legal-hybrid,1,1,0,0,true_secret,1
evenup_finding_0341,pii,high,11,2.48,low,0,0,0,production_config,prod,1,0,0,0,secret,1,0,0,0,shared,critical,fintech-legal-hybrid,1,1,0,0,true_secret,1
evenup_finding_0342,pii,high,6,1.79,low,0,0,0,production_config,prod,1,0,0,0,unknown,0,0,0,0,shared,critical,fintech-legal-hybrid,1,1,0,0,true_secret,1
evenup_finding_0343,pii,high,11,2.66,low,0,0,0,production_config,prod,1,0,0,0,secret,1,0,0,0,shared,critical,fintech-legal-hybrid,1,1,0,0,true_secret,1
evenup_finding_0344,pii,high,6,1.25,low,0,0,0,production_config,prod,1,0,0,0,unknown,0,0,0,0,shared,critical,fintech-legal-hybrid,1,1,0,0,true_secret,1
evenup_finding_0345,pii,low,16,3.00,medium,0,0,0,config,unknown,0,0,0,0,unknown,0,0,0,0,internal,low,fintech-legal-hybrid,1,1,0,0,false_positive,0
